Product,Category
Apple 13-inch MacBook Air (M1 CPU) 256GB - 2020,Laptop
Apple 13-inch MacBook Air (M1 CPU) 512GB - 2020,Laptop
Apple 13-inch MacBook Air with Retina display (1.1GHz dual-core CPU) 256GB - 2020,Laptop
Apple 13-inch MacBook Air with Retina display (1.1GHz quad-core CPU) 512GB - 2020,Laptop
Apple 13-inch MacBook Pro (1.4GHz quad-core CPU) 256GB - 2020,Laptop
Apple 13-inch MacBook Pro (2.0GHz quad-core CPU) 512GB - 2020,Laptop
Apple 13-inch MacBook Pro (Four Thunderbolt 3 ports) 1TB - 2020,Laptop
Apple 13-inch MacBook Pro (Four Thunderbolt 3 ports) 512GB - 2020,Laptop
Apple 13-inch MacBook Pro (M1 CPU) 256GB - 2020,Laptop
Apple 13-inch MacBook Pro (M1 CPU) 512GB - 2020,Laptop
Apple 13-inch MacBook Pro (Two Thunderbolt 3 ports) 256GB - 2020,Laptop
Apple 13-inch MacBook Pro (Two Thunderbolt 3 ports) 512GB - 2020,Laptop
Apple 13-inch MacBook Pro with Retina display (2.7GHz CPU) 128GB - 2015,Laptop
Apple 14-inch MacBook Pro (M1 Pro 10-core CPU and 16-core GPU) 1TB - 2021,Laptop
Apple 14-inch MacBook Pro (M1 Pro 8-core CPU and 14-core GPU) 512GB - 2021,Laptop
Apple 14-inch MacBook Pro with 64GB,Laptop
Apple 15-inch MacBook Pro (2.3GHz 8-core CPU) 512GB - 2019,Laptop
Apple 15-inch MacBook Pro (2.6GHz 6-core CPU) 256GB - 2019,Laptop
Apple 15-inch MacBook Pro with Retina display (2.2GHz CPU) 256GB - 2015,Laptop
Apple 16-inch MacBook Pro (2.3GHz 8-core CPU) 1TB - 2019,Laptop
Apple 16-inch MacBook Pro (2.6GHz 6-core CPU) 512GB - 2019,Laptop
Apple 16-inch MacBook Pro (M1 Max 10-core CPU and 32-core GPU) 1TB - 2021,Laptop
Apple 16-inch MacBook Pro (M1 Pro 10-core CPU and 16-core GPU) 1TB - 2021,Laptop
Apple 16-inch MacBook Pro (M1 Pro 10-core CPU and 16-core GPU) 512GB - 2021,Laptop
Apple 16-inch MacBook Pro with 64GB,Laptop
Apple 21.5-inch iMac with Retina 4K display (3.0GHz 6-core CPU) 1TB - 2019,Desktop
Apple 21.5-inch iMac with Retina 4K display (3.6GHz quad-core CPU) 1TB - 2019,Desktop
Apple 24-inch iMac with 4.5K Retina display (M1 CPU and 7-core GPU) 256GB - 2021,Desktop
Apple 24-inch iMac with 4.5K Retina display (M1 CPU and 8-core GPU) 256GB - 2021,Desktop
Apple 24-inch iMac with 4.5K Retina display (M1 CPU and 8-core GPU) 512GB - 2021,Desktop
Apple 27-inch iMac with 5K Retina display (3.0GHz 6-core CPU) 1TB - 2019,Desktop
Apple 27-inch iMac with 5K Retina display (3.1GHz 6-core CPU) 1TB - 2019,Desktop
Apple 27-inch iMac with 5K Retina display (3.1GHz 6-core CPU) 256GB - 2020,Desktop
Apple 27-inch iMac with 5K Retina display (3.3GHz 6-core CPU) 512GB - 2020,Desktop
Apple 27-inch iMac with 5K Retina display (3.7GHz 6-core CPU) 2TB - 2019,Desktop
Apple 27-inch iMac with 5K Retina display (3.8GHz 8-core CPU) 512GB - 2020,Desktop
Apple Apple Studio Display with tilt-adjustable stand,Monitor
Apple Apple TV 4K (3rd generation) with 64GB,Entertainment
Apple Apple Watch SE 44mm Aluminum Case with Sport Band,IoT
Apple Apple Watch SE 44mm Aluminum Case with Sport Band,IoT
Apple Apple Watch Series 8 45mm Aluminum Case with Sport Band,IoT
Apple Apple Watch Series 8 45mm Aluminum Case with Sport Band,IoT
Apple Apple Watch Ultra (GPS + Cellular) Titanium Case with Ocean Band,IoT
Apple Apple Watch Ultra (GPS + Cellular) Titanium Case with Ocean Band,IoT
Apple HomePod (2nd generation),IoT
Apple HomePod mini,IoT
Apple HomePod,IoT
Apple iPad (10th generation) with 64GB,Tablet
Apple iPad (9th generation) Wi-Fi + Cellular with 64GB,Tablet
Apple iPad (9th generation) Wi-Fi + Cellular with 64GB,Tablet
Apple iPad Air (5th generation) with 64GB,Tablet
Apple iPad mini (6th generation) with 64GB,Tablet
Apple iPad Pro 11-inch (4th generation) with 128GB,Tablet
Apple iPad Pro 12,Tablet
Apple iPhone 11 128GB,Smartphone
Apple iPhone 11 256GB,Smartphone
Apple iPhone 11 64GB,Smartphone
Apple iPhone 12 128GB,Smartphone
Apple iPhone 12 256GB,Smartphone
Apple iPhone 12 64GB,Smartphone
Apple iPhone 13 mini with 128GB,Smartphone
Apple iPhone 13 Pro 128GB,Smartphone
Apple iPhone 13 Pro 1TB,Smartphone
Apple iPhone 13 Pro 256GB,Smartphone
Apple iPhone 13 Pro 512GB,Smartphone
Apple iPhone 13 Pro Max 128GB,Smartphone
Apple iPhone 13 Pro Max 1TB,Smartphone
Apple iPhone 13 Pro Max 256GB,Smartphone
Apple iPhone 13 Pro Max 512GB,Smartphone
Apple iPhone 13 with 128GB,Smartphone
Apple iPhone 14 Plus with 128GB,Smartphone
Apple iPhone 14 Pro Max with 128GB,Smartphone
Apple iPhone 14 Pro with 128GB,Smartphone
Apple iPhone 14 with 128GB,Smartphone
Apple iPhone 8 256GB,Smartphone
Apple iPhone 8 64GB,Smartphone
Apple iPhone SE - Gen 2 128GB,Smartphone
Apple iPhone SE - Gen 2 256GB,Smartphone
Apple iPhone SE - Gen 2 64GB,Smartphone
Apple iPhone SE (3rd generation) with 64GB,Smartphone
Apple iPod touch (7th generation),Entertainment
Apple Mac mini (M1 2020) with 256GB,Desktop
Apple Mac mini with M2 with 256GB,Desktop
Apple Mac Pro (2.5GHz 28-core CPU and Radeon Pro Vega II Duo GPU and Afterburner card) with 1.5TB memory 4TB storage - 2019,Workstation
Apple Mac Pro (3.5GHz 8-core CPU and Radeon Pro 580X GPU) with 32GB memory 256GB storage - 2019,Workstation
Apple Mac Pro 3,Desktop
Apple Mac Studio with Apple M1 Max 32GB memory and 512GB,Desktop
Apple MacBook Air (M1 2020) with 256GB,Laptop
Apple MacBook Air (M2 2022) with 256GB,Laptop
Apple MacBook Pro (M2 2022) with 256GB,Laptop
Apple Pro Display XDR with Pro Stand,Monitor
Asus Mini PC PB60,Desktop
Asus Notebook C423,Laptop
Dell AW2518H Monitor,Monitor
Dell AW2518HF Monitor,Monitor
Dell AW3418DW Monitor,Monitor
Dell AW3418HW Monitor,Monitor
Dell C1422H Monitor,Monitor
Dell C2422HE Monitor (without stand),Monitor
Dell C2422HE Monitor,Monitor
Dell C2423H Monitor,Monitor
Dell C2722DE Monitor,Monitor
Dell C2723H Monitor,Monitor
Dell C3422WE Monitor,Monitor
Dell C5519Q Monitor,Monitor
Dell C5522QT Monitor,Monitor
Dell C6522QT Monitor,Monitor
Dell C7520QT Monitor,Monitor
Dell C8618QT Monitor,Monitor
Dell Chromebook 3100 2-in-1,Desktop
Dell Chromebook 3100,Desktop
Dell D7523QT Monitor,Monitor
Dell E1715S Monitor,Monitor
Dell E1916H Monitor,Monitor
Dell E1916HE Monitor,Monitor
Dell E1916HV Monitor,Monitor
Dell E1920H Monitor,Monitor
Dell E2016H Monitor,Monitor
Dell E2016HV Monitor,Monitor
Dell E2020H Monitor,Monitor
Dell E2216H Monitor,Monitor
Dell E2216HV Monitor,Monitor
Dell E2218HN Monitor,Monitor
Dell E2219HN Monitor,Monitor
Dell E2220H Monitor,Monitor
Dell E2221HN Monitor,Monitor
Dell E2222H Monitor,Monitor
Dell E2222HS Monitor,Monitor
Dell E2223HN Monitor,Monitor
Dell E2223HV Monitor,Monitor
Dell E2316H Monitor,Monitor
Dell E2318H Monitor,Monitor
Dell E2318HN Monitor,Monitor
Dell E2417H Monitor,Monitor
Dell E2420H Monitor,Monitor
Dell E2421HN Monitor,Monitor
Dell E2422H Monitor,Monitor
Dell E2422HN Monitor,Monitor
Dell E2422HS Monitor,Monitor
Dell E2423H Monitor,Monitor
Dell E2423HN Monitor,Monitor
Dell E2720H Monitor,Monitor
Dell E2720HS Monitor,Monitor
Dell E2722H Monitor,Monitor
Dell E2722HS Monitor,Monitor
Dell E2723H Monitor,Monitor
Dell E2723HN Monitor,Monitor
Dell Inspiron 13 5320,Desktop
Dell Inspiron 14 5420,Desktop
Dell Inspiron 14 5425,Desktop
Dell Inspiron 14 7420 2-in-1,Desktop
Dell Inspiron 14 7425 2-in-1,Desktop
Dell Inspiron 14 Plus 7420,Desktop
Dell Inspiron 16 5620,Desktop
Dell Inspiron 16 5625,Desktop
Dell Inspiron 16 7620 2-in-1,Desktop
Dell Inspiron 16 Plus 7620,Desktop
Dell Latitude 3120 2-in-1,Laptop
Dell Latitude 3120,Laptop
Dell Latitude 3150,Laptop
Dell Latitude 3160,Laptop
Dell Latitude 3180,Laptop
Dell Latitude 3189,Laptop
Dell Latitude 3190 2-In-1,Laptop
Dell Latitude 3190,Laptop
Dell Latitude 3300,Laptop
Dell Latitude 3320,Laptop
Dell Latitude 3330 2-in-1,Laptop
Dell Latitude 3330,Laptop
Dell Latitude 3350,Laptop
Dell Latitude 3380,Laptop
Dell Latitude 3390 2-in-1,Laptop
Dell Latitude 3400,Laptop
Dell Latitude 3410,Laptop
Dell Latitude 3420,Laptop
Dell Latitude 3460,Laptop
Dell Latitude 3470,Laptop
Dell Latitude 3480,Laptop
Dell Latitude 3490,Laptop
Dell Latitude 3500,Laptop
Dell Latitude 3510,Laptop
Dell Latitude 3520,Laptop
Dell Latitude 3550,Laptop
Dell Latitude 3560,Laptop
Dell Latitude 3570,Laptop
Dell Latitude 3580,Laptop
Dell Latitude 3590,Laptop
Dell Latitude 5250,Laptop
Dell Latitude 5280,Laptop
Dell Latitude 5285 2-in-1,Laptop
Dell Latitude 5289 2-in-1,Laptop
Dell Latitude 5290 2-In-1,Laptop
Dell Latitude 5290,Laptop
Dell Latitude 5300 2-in-1 Chromebook,Laptop
Dell Latitude 5300 2-in-1,Laptop
Dell Latitude 5300,Laptop
Dell Latitude 5310 2-IN-1,Laptop
Dell Latitude 5310,Laptop
Dell Latitude 5320 2-IN-1,Laptop
Dell Latitude 5320,Laptop
Dell Latitude 5330 2-in-1,Laptop
Dell Latitude 5330,Laptop
Dell Latitude 5400 Chromebook,Laptop
Dell Latitude 5400,Laptop
Dell Latitude 5401,Laptop
Dell Latitude 5410,Laptop
Dell Latitude 5411,Laptop
Dell Latitude 5420,Laptop
Dell Latitude 5421,Laptop
Dell Latitude 5430 Rugged,Laptop
Dell Latitude 5430,Laptop
Dell Latitude 5431,Laptop
Dell Latitude 5450,Laptop
Dell Latitude 5480,Laptop
Dell Latitude 5490,Laptop
Dell Latitude 5491,Laptop
Dell Latitude 5495,Laptop
Dell Latitude 5501,Laptop
Dell Latitude 5510,Laptop
Dell Latitude 5511,Laptop
Dell Latitude 5520,Laptop
Dell Latitude 5521,Laptop
Dell Latitude 5530,Laptop
Dell Latitude 5531,Laptop
Dell Latitude 5550,Laptop
Dell Latitude 5580,Laptop
Dell Latitude 5590,Laptop
Dell Latitude 5591,Laptop
Dell Latitude 7200 2-in-1,Laptop
Dell Latitude 7210 2-in-1,Laptop
Dell Latitude 7220 Rugged Extreme,Laptop
Dell Latitude 7280,Laptop
Dell Latitude 7285,Laptop
Dell Latitude 7290,Laptop
Dell Latitude 7300,Laptop
Dell Latitude 7310 2-IN-1,Laptop
Dell Latitude 7310,Laptop
Dell Latitude 7320 2-IN-1,Laptop
Dell Latitude 7320 Detachable,Laptop
Dell Latitude 7320,Laptop
Dell Latitude 7330 2-in-1,Laptop
Dell Latitude 7330 Rugged Extreme,Laptop
Dell Latitude 7330,Laptop
Dell Latitude 7350,Laptop
Dell Latitude 7370,Laptop
Dell Latitude 7380,Laptop
Dell Latitude 7389 2-in-1,Laptop
Dell Latitude 7390 2-in-1,Laptop
Dell Latitude 7390,Laptop
Dell Latitude 7400 2-in-1,Laptop
Dell Latitude 7400,Laptop
Dell Latitude 7410 2-in-1 Chromebook Enterprise,Laptop
Dell Latitude 7410 2-in-1,Laptop
Dell Latitude 7410 Chromebook Enterprise,Laptop
Dell Latitude 7410,Laptop
Dell Latitude 7420 2-in-1,Laptop
Dell Latitude 7420,Laptop
Dell Latitude 7430 2-in-1,Laptop
Dell Latitude 7430,Laptop
Dell Latitude 7480,Laptop
Dell Latitude 7490,Laptop
Dell Latitude 7520,Laptop
Dell Latitude 7530,Laptop
Dell Latitude 9330,Laptop
Dell Latitude 9410 2-in-1,Laptop
Dell Latitude 9420 2-in-1,Laptop
Dell Latitude 9420,Laptop
Dell Latitude 9430 2-in-1,Laptop
Dell Latitude 9430,Laptop
Dell Latitude 9510 2-in-1,Laptop
Dell Latitude 9510,Laptop
Dell Latitude 9520 2-in-1,Laptop
Dell Latitude 9520,Laptop
Dell Latitude E5270,Laptop
Dell Latitude E5470,Laptop
Dell Latitude E5570,Laptop
Dell Latitude E7250,Laptop
Dell Latitude E7270,Laptop
Dell Latitude E7450,Laptop
Dell Latitude E7470,Laptop
Dell Latitude Rugged 5420,Laptop
Dell Latitude Rugged 5424,Laptop
Dell OptiPlex 3000 Micro Form Factor,Desktop
Dell OptiPlex 3000 Small Form Factor,Desktop
Dell OptiPlex 3000 TC,Desktop
Dell OptiPlex 3000 Tower,Desktop
Dell OptiPlex 3050 All-in-One Desktop,Desktop
Dell OptiPlex 3050 Micro Form Factor,Desktop
Dell OptiPlex 3050 Small Form Factor,Desktop
Dell OptiPlex 3050 Tower,Desktop
Dell OptiPlex 3060 Micro Form Factor,Desktop
Dell OptiPlex 3060 Small Form Factor,Desktop
Dell OptiPlex 3060 Tower,Desktop
Dell OptiPlex 3070 Micro Form Factor,Desktop
Dell OptiPlex 3070 Small Form Factor,Desktop
Dell OptiPlex 3070 Tower,Desktop
Dell OptiPlex 3080 Micro Form Factor,Desktop
Dell OptiPlex 3080 Small Form Factor,Desktop
Dell OptiPlex 3080 Tower,Desktop
Dell OptiPlex 3090 Micro Form Factor,Desktop
Dell OptiPlex 3090 Small Form Factor,Desktop
Dell OptiPlex 3090 Tower,Desktop
Dell OptiPlex 3090 Ultra,Desktop
Dell OptiPlex 3280 All-in-One Desktop,Desktop
Dell OptiPlex 5000 Micro Form Factor,Desktop
Dell OptiPlex 5000 Small Form Factor,Desktop
Dell OptiPlex 5000 Tower,Desktop
Dell OptiPlex 5050 Micro Form Factor,Desktop
Dell OptiPlex 5050 Small Form Factor,Desktop
Dell OptiPlex 5050 Tower,Desktop
Dell OptiPlex 5055 Small Form Factor,Desktop
Dell OptiPlex 5055 Tower,Desktop
Dell OptiPlex 5060 Micro Form Factor,Desktop
Dell OptiPlex 5060 Small Form Factor,Desktop
Dell OptiPlex 5060 Tower,Desktop
Dell OptiPlex 5070 Micro Form Factor,Desktop
Dell OptiPlex 5070 Small Form Factor,Desktop
Dell OptiPlex 5070 Tower,Desktop
Dell OptiPlex 5080 Micro Form Factor,Desktop
Dell OptiPlex 5080 Small Form Factor,Desktop
Dell OptiPlex 5080 Tower,Desktop
Dell OptiPlex 5090 Micro Form Factor,Desktop
Dell OptiPlex 5090 Small Form Factor,Desktop
Dell OptiPlex 5090 Tower,Desktop
Dell OptiPlex 5250 All-in-One Desktop,Desktop
Dell OptiPlex 5260 All-in-One Desktop,Desktop
Dell OptiPlex 5270 All-in-One Desktop,Desktop
Dell OptiPlex 5400 All-in-One Desktop,Desktop
Dell OptiPlex 5480 All-in-One Desktop,Desktop
Dell OptiPlex 5490 All-in-One Desktop,Desktop
Dell OptiPlex 7000 Micro Form Factor,Desktop
Dell OptiPlex 7000 Small Form Factor,Desktop
Dell OptiPlex 7000 Tower,Desktop
Dell OptiPlex 7050 Micro Form Factor,Desktop
Dell OptiPlex 7050 Small Form Factor,Desktop
Dell OptiPlex 7050 Tower,Desktop
Dell OptiPlex 7060 Micro Form Factor,Desktop
Dell OptiPlex 7060 Small Form Factor,Desktop
Dell OptiPlex 7060 Tower,Desktop
Dell OptiPlex 7070 Micro Form Factor,Desktop
Dell OptiPlex 7070 Small Form Factor,Desktop
Dell OptiPlex 7070 Tower,Desktop
Dell OptiPlex 7070 Ultra,Desktop
Dell OptiPlex 7071 Tower,Desktop
Dell OptiPlex 7080 Micro Form Factor,Desktop
Dell OptiPlex 7080 Small Form Factor,Desktop
Dell OptiPlex 7080 Tower,Desktop
Dell OptiPlex 7090 Micro Form Factor,Desktop
Dell OptiPlex 7090 Small Form Factor,Desktop
Dell OptiPlex 7090 Tower,Desktop
Dell OptiPlex 7090 Ultra,Desktop
Dell OptiPlex 7400 All-in-One,Desktop
Dell OptiPlex 7450 All-in-One Desktop,Desktop
Dell OptiPlex 7460 All-in-One Desktop,Desktop
Dell OptiPlex 7470 All-in-One Desktop,Desktop
Dell OptiPlex 7480 All-in-One Desktop,Desktop
Dell OptiPlex 7490 All-in-One Desktop,Desktop
Dell OptiPlex 7760 All-in-One Desktop,Desktop
Dell OptiPlex 7770 All-in-One Desktop,Desktop
Dell OptiPlex 7780 All-in-One Desktop,Desktop
Dell OptiPlex XE2 Mini Tower,Desktop
Dell OptiPlex XE2 Small Form Factor,Desktop
Dell OptiPlex XE3 Small Form Factor,Desktop
Dell OptiPlex XE3 Tower,Desktop
Dell OptiPlex XE4 Small Form Factor,Desktop
Dell OptiPlex XE4 Tower,Desktop
Dell P1914S Monitor,Monitor
Dell P1917S Monitor (without stand),Monitor
Dell P1917S Monitor,Monitor
Dell P1917SWH Monitor,Monitor
Dell P2017H Monitor,Monitor
Dell P2018H Monitor,Monitor
Dell P2217 Monitor,Monitor
Dell P2217H Monitor,Monitor
Dell P2217WH Monitor,Monitor
Dell P2219H Monitor,Monitor
Dell P2219HC Monitor,Monitor
Dell P2222H Monitor (without stand),Monitor
Dell P2222H Monitor,Monitor
Dell P2223HC Monitor,Monitor
Dell P2317H Monitor,Monitor
Dell P2319H Monitor,Monitor
Dell P2415Q Monitor,Monitor
Dell P2417H Monitor,Monitor
Dell P2418D Monitor,Monitor
Dell P2418HT Monitor,Monitor
Dell P2418HZ Monitor,Monitor
Dell P2418HZM Monitor,Monitor
Dell P2419H Monitor,Monitor
Dell P2419HC Monitor (without stand),Monitor
Dell P2419HC Monitor,Monitor
Dell P2421 Monitor,Monitor
Dell P2421D Monitor,Monitor
Dell P2421DC Monitor,Monitor
Dell P2422H Monitor (without stand),Monitor
Dell P2422H Monitor,Monitor
Dell P2422HA Monitor,Monitor
Dell P2422HE Monitor (without stand),Monitor
Dell P2422HE Monitor,Monitor
Dell P2423 Monitor,Monitor
Dell P2423D Monitor,Monitor
Dell P2423DE Monitor,Monitor
Dell P2717H Monitor,Monitor
Dell P2719H Monitor,Monitor
Dell P2719HC Monitor (without stand),Monitor
Dell P2719HC Monitor,Monitor
Dell P2720D Monitor,Monitor
Dell P2720DC Monitor,Monitor
Dell P2722H Monitor,Monitor
Dell P2722HE Monitor,Monitor
Dell P2723D Monitor,Monitor
Dell P2723DE Monitor,Monitor
Dell P2723QE Monitor,Monitor
Dell P3221D Monitor,Monitor
Dell P3222QE Monitor,Monitor
Dell P3223DE Monitor,Monitor
Dell P3223QE Monitor,Monitor
Dell P3418HW Monitor,Monitor
Dell P3421W Monitor,Monitor
Dell PowerEdge C4130,Server
Dell PowerEdge C4140,Server
Dell PowerEdge C6420,Server
Dell PowerEdge FC430,Server
Dell PowerEdge FC630,Server
Dell PowerEdge FC640,Server
Dell PowerEdge FC830,Server
Dell PowerEdge M630,Server
Dell PowerEdge M640,Server
Dell PowerEdge M830,Server
Dell PowerEdge R230,Server
Dell PowerEdge R240,Server
Dell PowerEdge R330,Server
Dell PowerEdge R340,Server
Dell PowerEdge R430,Server
Dell PowerEdge R440,Server
Dell PowerEdge R540,Server
Dell PowerEdge R630,Server
Dell PowerEdge R640,Server
Dell PowerEdge R6415,Server
Dell PowerEdge R6515,Server
Dell PowerEdge R6525,Server
Dell PowerEdge R730,Server
Dell PowerEdge R730XD,Server
Dell PowerEdge R740,Server
Dell PowerEdge R740XD,Server
Dell PowerEdge R7415,Server
Dell PowerEdge R7425,Server
Dell PowerEdge R7515,Server
Dell PowerEdge R830,Server
Dell PowerEdge R840,Server
Dell PowerEdge R930,Server
Dell PowerEdge R940,Server
Dell PowerEdge R940xa,Server
Dell PowerEdge T130,Server
Dell PowerEdge T140,Server
Dell PowerEdge T330,Server
Dell PowerEdge T340,Server
Dell PowerEdge T430,Server
Dell PowerEdge T440,Server
Dell PowerEdge T630,Server
Dell PowerEdge T640,Server
Dell Precision 3240 Tower,Desktop
Dell Precision 3260 Compact,Desktop
Dell Precision 3431 Small Form Factor,Desktop
Dell Precision 3440 Small Form Factor,Desktop
Dell Precision 3450 Small Form Factor,Desktop
Dell Precision 3460 Small Form Factor fwsdfFFactor,Desktop
Dell Precision 3470,Desktop
Dell Precision 3510,Laptop
Dell Precision 3520,Laptop
Dell Precision 3530,Laptop
Dell Precision 3540,Desktop
Dell Precision 3541,Desktop
Dell Precision 3550,Desktop
Dell Precision 3560,Desktop
Dell Precision 3561,Laptop
Dell Precision 3570,Desktop
Dell Precision 3571,Desktop
Dell Precision 3640 Tower,Desktop
Dell Precision 3650 Tower,Desktop
Dell Precision 3660 Tower,Desktop
Dell Precision 3930 Rack,Desktop
Dell Precision 5470,Desktop
Dell Precision 5520,Laptop
Dell Precision 5530 2-In-1,Laptop
Dell Precision 5530,Laptop
Dell Precision 5540,Desktop
Dell Precision 5550,Desktop
Dell Precision 5560,Laptop
Dell Precision 5570,Desktop
Dell Precision 5760,Desktop
Dell Precision 5770,Desktop
Dell Precision 7520,Laptop
Dell Precision 7530,Desktop
Dell Precision 7540,Desktop
Dell Precision 7560,Desktop
Dell Precision 7670,Desktop
Dell Precision 7720,Laptop
Dell Precision 7730,Desktop
Dell Precision 7740,Desktop
Dell Precision 7750,Desktop
Dell Precision 7760,Desktop
Dell Precision 7770,Desktop
Dell Precision 7865 Tower,Desktop
Dell Precision Tower 3420,Desktop
Dell Precision Tower 3430,Desktop
Dell Precision Tower 3620,Desktop
Dell Precision Tower 3630,Desktop
Dell Precision Tower 5810,Desktop
Dell Precision Tower 5820,Desktop
Dell Precision Tower 7810,Desktop
Dell Precision Tower 7820,Desktop
Dell Precision Tower 7910,Desktop
Dell Precision Tower 7920,Desktop
Dell S2216H Monitor,Monitor
Dell S2218H Monitor,Monitor
Dell S2218M Monitor,Monitor
Dell S2316H Monitor,Monitor
Dell S2318H Monitor,Monitor
Dell S2318HN Monitor,Monitor
Dell S2318M Monitor,Monitor
Dell S2417DG Monitor,Monitor
Dell S2418H Monitor,Monitor
Dell S2421H Monitor,Monitor
Dell S2421HN Monitor,Monitor
Dell S2421HS Monitor,Monitor
Dell S2421HSX Monitor,Monitor
Dell S2421NX Monitor,Monitor
Dell S2716DG Monitor,Monitor
Dell S2718D Monitor,Monitor
Dell S2718H Monitor,Monitor
Dell S2721D Monitor,Monitor
Dell S2721DS Monitor,Monitor
Dell S2721H Monitor,Monitor
Dell S2721HN Monitor,Monitor
Dell S2721HS Monitor,Monitor
Dell S2721HSX Monitor,Monitor
Dell S2721NX Monitor,Monitor
Dell S2721Q Monitor,Monitor
Dell SE2216H Monitor,Monitor
Dell SE2416H Monitor,Monitor
Dell SE2417HG Monitor,Monitor
Dell SE2717H Monitor,Monitor
Dell U2412M Monitor,Monitor
Dell U2412MWH Monitor,Monitor
Dell U2414H Monitor,Monitor
Dell U2415 Monitor,Monitor
Dell U2417H Monitor,Monitor
Dell U2417HA Monitor,Monitor
Dell U2417HWH Monitor,Monitor
Dell U2419H Monitor,Monitor
Dell U2419HC Monitor,Monitor
Dell U2419HX Monitor,Monitor
Dell U2421E Monitor,Monitor
Dell U2422H Monitor (without stand),Monitor
Dell U2422H Monitor,Monitor
Dell U2422HE Monitor,Monitor
Dell U2422HX Monitor,Monitor
Dell U2520D Monitor,Monitor
Dell U2520DR Monitor,Monitor
Dell U2720Q Monitor,Monitor
Dell U2721DE Monitor,Monitor
Dell U2722D Monitor,Monitor
Dell U2722DE Monitor,Monitor
Dell U2722DX Monitor,Monitor
Dell U2723QE Monitor,Monitor
Dell U2723QX Monitor,Monitor
Dell U3023E Monitor,Monitor
Dell U3223QE Monitor,Monitor
Dell U3223QZ Monitor,Monitor
Dell U3419W Monitor,Monitor
Dell U3421WE Monitor,Monitor
Dell U3818DW Monitor,Monitor
Dell U3821DW Monitor,Monitor
Dell U4021QW Monitor,Monitor
Dell U4320Q Monitor,Monitor
Dell U4919DW Monitor,Monitor
Dell Vostro 15 3510,Desktop
Dell Vostro 15 3515,Desktop
Dell Vostro 3910,Desktop
Dell Vostro 5320,Desktop
Dell Vostro 5620,Desktop
Dell Vostro 5625,Desktop
Dell Vostro 7620,Desktop
Dell Wyse 3030 Thin Client,Thin Client
Dell Wyse 3040 Thin Client,Thin Client
Dell Wyse 5010 Thin Client,Thin Client
Dell Wyse 5020 Thin Client,Thin Client
Dell Wyse 5030 PCoIP Zero Client,Thin Client
Dell Wyse 5040 All-in-One Thin Client,Thin Client
Dell Wyse 5050 All-in-One Thin Client,Thin Client
Dell Wyse 5060 Thin Client,Thin Client
Dell Wyse 5070 Extended Thin Client,Thin Client
Dell Wyse 5070 Thin Client,Thin Client
Dell Wyse 5470 All-in-One Thin Client,Thin Client
Dell Wyse 5470 Thin Client,Thin Client
Dell Wyse 7010 Thin Client,Thin Client
Dell Wyse 7020 Thin Client,Thin Client
Dell Wyse 7030 PCoIP Zero Client,Thin Client
Dell Wyse 7040 Thin Client,Thin Client
Dell XPS 13 7390 2-IN-1,Laptop
Dell XPS 13 9300,Laptop
Dell XPS 13 9310 2-IN-1,Laptop
Dell XPS 13 9310,Laptop
Dell XPS 13 9360,Laptop
Dell XPS 13 9365 2-in-1,Laptop
Dell XPS 13 9370,Laptop
Dell XPS 13 9380,Laptop
Dell XPS 15 9500,Laptop
Dell XPS 15 9510,Laptop
Dell XPS 15 9520,Laptop
Dell XPS 15 9560,Laptop
Dell XPS 15 9570,Laptop
Dell XPS 17 9710,Laptop
Dell XPS 9315 2-in-1,Laptop
Dell XPS 9315,Laptop
Dell XPS 9320,Laptop
Dell XPS 9720,Laptop
Fairphone Fairphone 3,Smartphone
Fairphone Fairphone 4,Smartphone
Google Chromecast with Google TV (HD),Multimedia
Google Chromecast with Google TV,Multimedia
Google Chromecast,Multimedia
Google Daydream View,Multimedia
Google Home Hub,IoT
Google Home Mini,IoT
Google Home,IoT
Google Nest Audio,IoT
Google Nest Cam (indoor wired),IoT
Google Nest Cam (outdoor or indoor battery),IoT
Google Nest Cam (outdoor or indoor wired option),IoT
Google Nest Cam IQ Outdoor,IoT
Google Nest Doorbell (battery),IoT
Google Nest Doorbell (wired 2nd gen),IoT
Google Nest Doorbell (wired option),IoT
Google Nest Hello,IoT
Google Nest Hub (2nd generation),IoT
Google Nest Hub Max,IoT
Google Nest Learning Thermostat,IoT
Google Nest Mini (2nd gen),IoT
Google Nest Protect (Battery),IoT
Google Nest Protect (Wired),IoT
Google Nest Thermostat E - Europe,IoT
Google Nest Thermostat E - North America,IoT
Google Nest Thermostat,IoT
Google Nest Wifi point,Network
Google Nest Wifi Pro,Network
Google Nest Wifi router,Network
Google Pixel 2 XL,Smartphone
Google Pixel 2,Smartphone
Google Pixel 3 XL,Smartphone
Google Pixel 3,Smartphone
Google Pixel 3a XL,Smartphone
Google Pixel 3a,Smartphone
Google Pixel 4 XL,Smartphone
Google Pixel 4,Smartphone
Google Pixel 4a (5G),Smartphone
Google Pixel 4a,Smartphone
Google Pixel 5,Smartphone
Google Pixel 5a with 5G,Smartphone
Google Pixel 6 Pro,Smartphone
Google Pixel 6,Smartphone
Google Pixel 6a,Smartphone
Google Pixel 7 Pro,Smartphone
Google Pixel 7,Smartphone
Google Pixel Slate,Tablet
Google Pixel Watch,Smartphone
Google Pixelbook Go,Laptop
Google Pixelbook,Laptop
Google Stadia Controller,Gaming
Google Wifi,Network
HP 11 inch Tablet PC,Laptop
HP 14 inch 4G LTE Laptop PC,Laptop
HP 14s Laptop PC ENERGY STAR,Laptop
HP 15 Laptop PC ENERGY STAR,Laptop
HP 15 Laptop PC,Laptop
HP 17 Laptop PC,Laptop
HP 250 G9 Notebook PC,Laptop
HP 255 G9 Notebook PC,Laptop
HP 256 G9 Notebook PC,Laptop
HP 470 G8 Notebook PC,Laptop
HP Chromebook 11a,Laptop
HP Chromebook 14a,Laptop
HP Chromebook 14b,Laptop
HP Chromebook Enterprise 11 G9 EE,Laptop
HP Chromebook Enterprise 14 G7,Laptop
HP Chromebook Enterprise x360 11 G4 EE,Laptop
HP Chromebook x2 11,Laptop
HP Chromebook x360 14a,Laptop
HP Chromebook x360 14b,Laptop
HP Chromebook x360 14c Notebook PC,Laptop
HP E14 G4 Portable Monitor,Monitor
HP E22 G4 FHD monitor,Monitor
HP E22 G4,Monitor
HP E23 G4 FHD Monitor,Monitor
HP E230t 23 inch Display,Monitor
HP E24 G4 FHD Monitor,Monitor
HP E24 G4 HO DUAL,Monitor
HP E24 G4 HO,Monitor
HP E24i G4 HO,Monitor
HP E24i G4 WUXGA Monitor,Monitor
HP E24m G4 FHD USB-C Conferencing Monitor,Monitor
HP E24mv G4 Collaboration Monitor,Monitor
HP E24q G4 QHD Monitor,Monitor
HP E24t G4 FHD Touch Monitor,Monitor
HP E24u G4 FHD USB-C Monitor,Monitor
HP E27 G4 FHD Monitor,Monitor
HP E27m G4 QHD USB-C Conferencing Monitor,Monitor
HP E27q G4 QHD Monitor,Monitor
HP E27u G4 QHD USB-C Monitor,Monitor
HP E34m G4 WQHD Curved USB-C Conferencing Monitor,Monitor
HP Edgeline EL8000 Converged Edge System4,Converged Edge
HP Edgeline EL8000t Converged Edge System4,Converged Edge
HP Elite Tower 880 G9 Desktop PC,Desktop
HP Elite x2 G8,Laptop
HP EliteBook 645 14 inch G9 Notebook PC,Laptop
HP EliteBook 655 15.6 inch G9 Notebook PC,Laptop
HP EliteBook 835 G8 Notebook PC,Laptop
HP EliteBook 840 Aero G8 Notebook PC,Laptop
HP EliteBook 845 G8 Notebook PC,Laptop
HP EliteBook 855 G8 Notebook PC,Laptop
HP EliteBook x360 1040 G8 Notebook PC,Laptop
HP Engage Go 10 Mobile System,Laptop
HP Engage One 14 nostand,Monitor
HP Engage One 14 withstand,Monitor
HP Engage One 14t Nostand,Monitor
HP Engage One 14t withstand,Monitor
HP Engage One 16t Monitor,Monitor
HP Engage One 16ts Monitor,Monitor
HP ENVY 17 Laptop PC,Laptop
HP ENVY 34 inch All-in-One Desktop PC 34-c,Desktop
HP ENVY x360 15 Convertible PC,Laptop
HP Fortis 11 inch G9 Chromebook Enterprise,Laptop
HP Fortis 11 inch G9 Chromebook,Laptop
HP Fortis 14” G10 Chromebook Enterprise,Laptop
HP Fortis 14” G10 Chromebook,Laptop
HP Fortis x360 11 inch G4 Chromebook Enterprise,Laptop
HP Fortis x360 11 inch G4 Chromebook,Laptop
HP M24 Webcam 23.8-inch Monitor,Monitor
HP M24fd FHD USB-C Monitor,Monitor
HP M27 Webcam 27-inch Monitor,Monitor
HP Omen 27c,Monitor
HP Omen 27u,Monitor
HP OMEN by HP 16 Laptop PC,Laptop
HP P22 G4 21.5-inch monitor,Monitor
HP P22a G4,Monitor
HP P22va G4,Monitor
HP P24 G4 23.8-inch Monitor,Monitor
HP P24a G4,Monitor
HP P24h G4 23.8-inch Monitor,Monitor
HP P24vb G4,Monitor
HP P34hc G4 WQHD USB-C Curved Monitor,Monitor
HP Pavilion 13 Laptop PC,Laptop
HP Pavilion x360 14 Convertible PC,Laptop
HP Pavilion x360 15 Convertible PC,Laptop
HP Pro c640 Chromebook Enterprise G2,Laptop
HP Pro x360 Fortis 11 inch G9 Notebook PC,Laptop
HP ProBook 445 14 inch G9 Notebook PC,Laptop
HP ProBook 455 15.6 inch G9 Notebook PC,Laptop
HP ProBook 635 Aero G8 Notebook PC,Laptop
HP ProBook Fortis 14 inch G9 Notebook PC,Laptop
HP ProBook x360 11 G7 EE,Laptop
HP ProLiant DL345 Gen10 Plus server4,Server
HP ProLiant DL365 Gen10 Plus server4,Server
HP ProLiant DL380 Gen10 server4,Server
HP ProLiant DL385 Gen10 server4,Server
HP ProLiant DL580 Gen10 server4,Server
HP ProLiant MicroServer Gen10 Plus4,Server
HP Spectre x360 16 inch 2-in-1 Laptop PC,Laptop
HP Synergy 480 Gen10 Compute Module4,Converged
HP Synergy 660 Gen10 Compute Module4,Converged
HP V19,Monitor
HP V21,Monitor
HP V222vb 21.5-inch Monitor,Monitor
HP V24,Monitor
HP V241ib 23.8-inch Monitor,Monitor
HP V27i,Monitor
HP VICTUS by HP 16 Laptop PC,Laptop
HP Z22n G2 21.5-inch Monitor,Monitor
HP Z24f G3 FHD Display,Monitor
HP Z24n G3 WUXGA Display,Monitor
HP Z24u G3 WUXGA USB-C Display,Monitor
HP Z25xs G3,Monitor
HP Z27k G3 4K USB-C Display,Monitor
HP Z27q G3 QHD Display,Monitor
HP Z27u G3 QHD USB-C Display,Monitor
HP Z27xs G3 4K DreamColor Display,Monitor
HP Z34c G3 Curved USB-C Display,Monitor
HP Z40c G3 Curved USB-C display,Monitor
HP ZBook Fury 15.6 Inch G8 Mobile Workstation PC,Laptop
HP ZBook Fury 17.3 Inch G8 Mobile Workstation PC,Laptop
HP ZBook Power G8,Laptop
HP ZBook Studio 15 G8,Laptop
HP ZHAN 66 Pro A 14 inch G5 Notebook PC,Laptop
HP ZHAN 99 Mobile Workstation G3,Laptop
Lenovo 10DQD \xe2\x80\x93 Tiny-in-One 23,Monitor
Lenovo B40-45,Laptop
Lenovo B50-45,Laptop
Lenovo C22-10/D22-10,Monitor
Lenovo C24-10/D24-10,Monitor
Lenovo C24-17/D24-17,Monitor
Lenovo C24-20. C24-25. D24-20,Monitor
Lenovo C32qc-20/D32qc-20,Monitor
Lenovo Chromebook C330,Laptop
Lenovo Chromebook C340-15,Laptop
Lenovo Chromebook S330,Laptop
Lenovo D22-17,Monitor
Lenovo D27-20/C27-20,Monitor
Lenovo D32q-20/C32q-20,Monitor
Lenovo Ducati 5,Laptop
Lenovo E1992 Wide,Monitor
Lenovo E2013 Wide,Monitor
Lenovo E2323 Wide,Monitor
Lenovo E41-10,Laptop
Lenovo E41-15,Laptop
Lenovo E41-45,Laptop
Lenovo E42-80.Lenovo V510-14ISK.Lenovo V510-14IKB,Laptop
Lenovo E52-80.Lenovo V510-15ISK.Lenovo V510-15IKB,Laptop
Lenovo Flex 5G-14/Yoga 5G-14,Laptop
Lenovo G24-10,Monitor
Lenovo G25-10,Monitor
Lenovo G32qc-10,Monitor
Lenovo G34w-10,Monitor
Lenovo IdeaCentre 3 AIO,Desktop
Lenovo IdeaCentre 3 SFF,Desktop
Lenovo ideacentre 310 Tower,Desktop
Lenovo ideacentre 310S SFF,Desktop
Lenovo IdeaCentre 5 Gaming,Desktop
Lenovo IdeaCentre 5,Desktop
Lenovo ideacentre 510 Tower,Desktop
Lenovo ideacentre 510S Desktop,Desktop
Lenovo ideacentre 510S SFF,Desktop
Lenovo ideacentre 510S-08ISH,Desktop
Lenovo ideacentre 610S-02ISH,Desktop
Lenovo ideacentre 720-18IKL,Desktop
Lenovo IdeaCentre A540-24,Desktop
Lenovo IdeaCentre AIO 3 22,Desktop
Lenovo IdeaCentre AIO 3 24,Desktop
Lenovo IdeaCentre AIO 3 27,Desktop
Lenovo ideacentre AIO 310-20,Desktop
Lenovo IdeaCentre AIO 5 24,Desktop
Lenovo IdeaCentre AIO 5 27,Desktop
Lenovo ideacentre AIO 910-27ISH,Desktop
Lenovo IdeaCentre Creator 5,Desktop
Lenovo IdeaCentre Gaming 5 AMD,Desktop
Lenovo IdeaCentre Mini 5 Tiny,Desktop
Lenovo IdeaCentre T540 Gaming,Desktop
Lenovo IdeaCentre T540GE,Desktop
Lenovo ideacentre Y710-15ISH,Desktop
Lenovo ideacentre Y720 Cube-15ISH,Desktop
Lenovo ideacentre Y900 RE-34ISZ,Desktop
Lenovo IdeaCentre_A540-27 AIO,Desktop
Lenovo ideapad  D330-10,Laptop
Lenovo IdeaPad 1 14,Laptop
Lenovo IdeaPad 1-14,Laptop
Lenovo ideapad 110-14IBR,Laptop
Lenovo ideapad 110-15/TianYi 310-15,Laptop
Lenovo ideapad 110-15ACL,Laptop
Lenovo ideapad 110-15IBR,Laptop
Lenovo ideapad 120S-11,Laptop
Lenovo ideapad 130-14,Laptop
Lenovo ideapad 130-15 AMD,Laptop
Lenovo ideapad 130-15 Intel,Laptop
Lenovo IdeaPad 3 17/Lenovo V17,Laptop
Lenovo IdeaPad 3 Chromebook 11 AMD,Laptop
Lenovo IdeaPad 3 Chromebook 11,Laptop
Lenovo IdeaPad 3 Chromebook 14,Laptop
Lenovo IdeaPad 3-14/Lenovo V14,Laptop
Lenovo IdeaPad 3-15/Lenovo V15,Laptop
Lenovo ideapad 310 Touch-15ISK,Laptop
Lenovo ideapad 310-14ISK,Laptop
Lenovo ideapad 310-15ISK,Laptop
Lenovo ideapad 310S-15IKB,Laptop
Lenovo IdeaPad 320S-15,Laptop
Lenovo IdeaPad 5 14/Lenovo Xiao Xin Air-14 2020,Laptop
Lenovo IdeaPad 5-15,Laptop
Lenovo ideapad 510-15ISK,Laptop
Lenovo ideapad 510S-13IKB,Laptop
Lenovo ideapad 510S-14ISK,Laptop
Lenovo ideapad 520-15,Laptop
Lenovo ideapad 530S-14/XiaoXin Air 14,Laptop
Lenovo ideapad 700-15ISK,Laptop
Lenovo ideapad 700-17ISK,Laptop
Lenovo ideapad 710S Plus-13,Laptop
Lenovo ideapad 720-15,Laptop
Lenovo ideapad 720S-14,Laptop
Lenovo IdeaPad 730S-13/Yoga S730-13 2nd Gen,Laptop
Lenovo IdeaPad C340-14/Flex-14 2nd Gen,Laptop
Lenovo IdeaPad C340-14/FLEX-14,Laptop
Lenovo IdeaPad C340-15/FLEX-15,Laptop
Lenovo IdeaPad C340-15/IdeaPad Flex-15,Laptop
Lenovo IdeaPad Flex 14,Laptop
Lenovo IdeaPad Flex 3 11,Laptop
Lenovo IdeaPad Flex 3 Chromebook 11,Laptop
Lenovo IdeaPad Flex 5 14,Laptop
Lenovo IdeaPad Flex 5 15,Laptop
Lenovo IdeaPad Flex 5 Chromebook 13,Laptop
Lenovo IdeaPad Gaming 3 15,Laptop
Lenovo IdeaPad Gaming 3-15/IdeaPad Creator 5-15,Laptop
Lenovo IdeaPad L3 15,Laptop
Lenovo ideapad MIIX 510-12ISK,Laptop
Lenovo ideapad S130-11,Laptop
Lenovo ideapad S130-14,Laptop
Lenovo IdeaPad S145-14,Laptop
Lenovo IdeaPad S145-14/Lenovo V14,Laptop
Lenovo IdeaPad S145-15,Laptop
Lenovo IdeaPad S145-15/Lenovo V15,Laptop
Lenovo IdeaPad S340-13,Laptop
Lenovo IdeaPad S340-14,Laptop
Lenovo IdeaPad S340-15 Series/XiaoXin-15,Laptop
Lenovo IdeaPad S540-13/XiaoXin Pro-13 2019,Laptop
Lenovo IdeaPad S540-14 Series 2nd Gen/YangTian Air-14,Laptop
Lenovo IdeaPad S540-15,Laptop
Lenovo Ideapad S740-14/Yoga S740-14/XiaoXin Pro-14,Laptop
Lenovo IdeaPad S940-14/Yoga S940-14,Laptop
Lenovo IdeaPad Slim 7 15/Yoga Slim 7 15,Laptop
Lenovo IdeaPad Slim 7-15/Yoga Slim 7-15,Laptop
Lenovo L22e-20,Monitor
Lenovo L23i-18,Monitor
Lenovo L24q-30,Monitor
Lenovo L27q-30,Monitor
Lenovo L28u-30,Monitor
Lenovo Legion 5 15\xe2\x80\x9d,Laptop
Lenovo Legion 5 17\xe2\x80\x9d,Laptop
Lenovo Legion C730 Cube,Desktop
Lenovo Legion R5 Tower,Desktop
Lenovo Legion T5 Tower,Desktop
Lenovo Legion T7/Legion CT7,Desktop
Lenovo Legion Y25-25,Monitor
Lenovo Legion Y530-15,Laptop
Lenovo Legion Y740S-15/Legion Y9000X,Laptop
Lenovo Li2264d,Monitor
Lenovo LI2364d,Monitor
Lenovo LI2821 Wide,Monitor
Lenovo LT2223d Wide,Monitor
Lenovo LT2223p Wide,Monitor
Lenovo LT2423 Wide,Monitor
Lenovo LT2934z Wide,Monitor
Lenovo LT3053p,Monitor
Lenovo Miix 630-12,Laptop
Lenovo Miix 720,Laptop
Lenovo N22-20 Touch Chromebook,Laptop
Lenovo N22,Laptop
Lenovo N23 Chromebook,Laptop
Lenovo N24/Lenovo 300e,Laptop
Lenovo N42-20 Chromebook,Laptop
Lenovo P24h-10,Monitor
Lenovo Q24h-10,Monitor
Lenovo Q27h-10,Monitor
Lenovo S24q-10,Monitor
Lenovo S27i-10,Monitor
Lenovo S510,Desktop
Lenovo Smart Tab M8,Laptop
Lenovo T2224d,Monitor
Lenovo T2224dA,Monitor
Lenovo T22i-10,Monitor
Lenovo T2324d,Monitor
Lenovo T2324pA,Monitor
Lenovo T2364pA(ThinkVision T2364p),Monitor
Lenovo T2364tA(ThinkVision T2364t),Monitor
Lenovo T2424pA,Monitor
Lenovo T2454pA,Monitor
Lenovo T24i-10,Monitor
Lenovo T27p-10,Monitor
Lenovo ThinkBook  Plus,Laptop
Lenovo ThinkBook 13s,Laptop
Lenovo ThinkBook 14,Laptop
Lenovo ThinkBook 14s AMD,Laptop
Lenovo ThinkBook 14s,Laptop
Lenovo ThinkCentre E93 SFF,Desktop
Lenovo ThinkCentre E93 Tower,Desktop
Lenovo ThinkCentre M600,Desktop
Lenovo ThinkCentre M625q Tiny,Desktop
Lenovo ThinkCentre M70 All-in-One,Desktop
Lenovo ThinkCentre M70 SFF,Desktop
Lenovo ThinkCentre M70 Tiny,Desktop
Lenovo ThinkCentre M70 Tower,Desktop
Lenovo ThinkCentre M700,Desktop
Lenovo ThinkCentre M700z,Desktop
Lenovo ThinkCentre M70c SFF,Desktop
Lenovo ThinkCentre M715 Tiny 2nd Gen,Desktop
Lenovo ThinkCentre M720e SFF,Desktop
Lenovo ThinkCentre M725 SFF,Desktop
Lenovo ThinkCentre M73 SFF,Desktop
Lenovo ThinkCentre M73 Tiny,Desktop
Lenovo ThinkCentre M73 Tower,Desktop
Lenovo ThinkCentre M75 Nano Fanless,Desktop
Lenovo ThinkCentre M75 Tiny,Desktop
Lenovo ThinkCentre M75s-1 SFF,Desktop
Lenovo ThinkCentre M80 Tiny,Desktop
Lenovo ThinkCentre M80 Tower,Desktop
Lenovo ThinkCentre M800z,Desktop
Lenovo ThinkCentre M80s SFF,Desktop
Lenovo ThinkCentre M820z AIO,Desktop
Lenovo ThinkCentre M83 SFF,Desktop
Lenovo ThinkCentre M83 Tiny,Desktop
Lenovo ThinkCentre M83 Tower,Desktop
Lenovo ThinkCentre M90 All-in-One,Desktop
Lenovo ThinkCentre M90 SFF,Desktop
Lenovo ThinkCentre M90 Tiny,Desktop
Lenovo ThinkCentre M90 Tower,Desktop
Lenovo ThinkCentre M900,Desktop
Lenovo ThinkCentre M900z,Desktop
Lenovo ThinkCentre M90n Nano IoT,Desktop
Lenovo ThinkCentre M90n Nano,Desktop
Lenovo ThinkCentre M910 SFF,Desktop
Lenovo ThinkCentre M910 Tiny,Desktop
Lenovo ThinkCentre M910 Tower,Desktop
Lenovo ThinkCentre M920 SFF,Desktop
Lenovo ThinkCentre M920 Tiny,Desktop
Lenovo ThinkCentre M920x,Desktop
Lenovo ThinkCentre M920z AIO,Desktop
Lenovo ThinkCentre M93/M93p SFF,Desktop
Lenovo ThinkCentre M93/M93p Tiny,Desktop
Lenovo ThinkCentre M93/M93p Tower,Desktop
Lenovo ThinkCentre Tiny-in-One 22 4th Gen Touch,Monitor
Lenovo ThinkCentre Tiny-in-One 22 4th Gen,Monitor
Lenovo ThinkCentre Tiny-in-One 24 4th Gen Touch,Monitor
Lenovo ThinkCentre Tiny-in-One 24 4th Gen,Monitor
Lenovo ThinkPad 10,Laptop
Lenovo ThinkPad 11e 3rd Gen.ThinkPad Yoga 11e 3rd Gen,Laptop
Lenovo ThinkPad 11e Chromebook 3rd Gen.ThinkPad Yoga 11e Chromebook 3rd Gen,Laptop
Lenovo ThinkPad 11e Chromebook 4th Gen.ThinkPad Yoga 11e Chromebook 4th Gen,Laptop
Lenovo ThinkPad 11e Yoga 6th Gen,Laptop
Lenovo ThinkPad 11e,Laptop
Lenovo ThinkPad 13 2nd Gen.ThinkPad S2 2nd Gen,Laptop
Lenovo ThinkPad 13,Laptop
Lenovo ThinkPad 25,Laptop
Lenovo ThinkPad 8,Laptop
Lenovo ThinkPad A275,Laptop
Lenovo ThinkPad A285,Laptop
Lenovo ThinkPad A475,Laptop
Lenovo ThinkPad A485,Laptop
Lenovo ThinkPad E14,Laptop
Lenovo ThinkPad E14.ThinkPad R14.ThinkPad S3 Gen2,Laptop
Lenovo ThinkPad E15,Laptop
Lenovo ThinkPad E450,Laptop
Lenovo ThinkPad E455,Laptop
Lenovo ThinkPad E460,Laptop
Lenovo ThinkPad E465,Laptop
Lenovo ThinkPad E550,Laptop
Lenovo ThinkPad E560,Laptop
Lenovo ThinkPad E560p.ThinkPad S5,Laptop
Lenovo ThinkPad E565,Laptop
Lenovo ThinkPad E575,Laptop
Lenovo ThinkPad Edge E145,Laptop
Lenovo ThinkPad Edge E431,Laptop
Lenovo ThinkPad Edge E440,Laptop
Lenovo ThinkPad Edge E445,Laptop
Lenovo ThinkPad Edge E531,Laptop
Lenovo ThinkPad Edge E540,Laptop
Lenovo ThinkPad Edge E545,Laptop
Lenovo ThinkPad Helix,Laptop
Lenovo ThinkPad L13/S2 5th Gen. L13 Yoga/S2 Yoga 5th Gen,Laptop
Lenovo ThinkPad L440,Laptop
Lenovo ThinkPad L450,Laptop
Lenovo ThinkPad L470,Laptop
Lenovo ThinkPad L560,Laptop
Lenovo ThinkPad P1/ThinkPad X1 Extreme,Laptop
Lenovo ThinkPad P51,Laptop
Lenovo ThinkPad P52,Laptop
Lenovo ThinkPad P71,Laptop
Lenovo ThinkPad P72,Laptop
Lenovo ThinkPad S1 Yoga,Laptop
Lenovo ThinkPad S3 Yoga 14,Laptop
Lenovo ThinkPad S3-S431,Laptop
Lenovo ThinkPad S3-S440,Laptop
Lenovo ThinkPad T440,Laptop
Lenovo ThinkPad T440s,Laptop
Lenovo ThinkPad T450s,Laptop
Lenovo ThinkPad T460,Laptop
Lenovo ThinkPad T460s,Laptop
Lenovo ThinkPad T470,Laptop
Lenovo ThinkPad T470p,Laptop
Lenovo ThinkPad T470s,Laptop
Lenovo ThinkPad T490,Laptop
Lenovo ThinkPad T490.ThinkPad P43s,Laptop
Lenovo ThinkPad T490s,Laptop
Lenovo ThinkPad T495,Laptop
Lenovo ThinkPad T495s,Laptop
Lenovo ThinkPad T540p,Laptop
Lenovo ThinkPad T550,Laptop
Lenovo ThinkPad T560. P50s,Laptop
Lenovo ThinkPad T590,Laptop
Lenovo ThinkPad W540,Laptop
Lenovo ThinkPad X1 Carbon 5th Gen,Laptop
Lenovo ThinkPad X1 Carbon,Laptop
Lenovo ThinkPad X1 Yoga 2nd Gen,Laptop
Lenovo ThinkPad X1 Yoga,Laptop
Lenovo ThinkPad X240,Laptop
Lenovo ThinkPad X240s,Laptop
Lenovo ThinkPad X250,Laptop
Lenovo ThinkPad X260,Laptop
Lenovo ThinkPad X270,Laptop
Lenovo ThinkPad X390,Laptop
Lenovo ThinkSmart Hub 500,Monitor
Lenovo ThinkSmart Hub 700,Monitor
Lenovo ThinkSystem SE350,Server
Lenovo ThinkSystem SR250,Server
Lenovo ThinkSystem SR635,Server
Lenovo ThinkSystem SR645,Server
Lenovo ThinkSystem SR655,Server
Lenovo ThinkSystem SR665,Server
Lenovo ThinkSystem SR850P,Server
Lenovo ThinkVision E22-20/T22s-20,Monitor
Lenovo ThinkVision E24-20/T24s-20,Monitor
Lenovo ThinkVision L24q-20,Monitor
Lenovo ThinkVision L27q-20,Monitor
Lenovo ThinkVision L27q,Monitor
Lenovo ThinkVision M14t,Monitor
Lenovo ThinkVision P24h-20/T24h-20,Monitor
Lenovo ThinkVision P24q-20,Monitor
Lenovo ThinkVision P24q,Monitor
Lenovo ThinkVision P27q-20,Monitor
Lenovo ThinkVision P32p-20,Monitor
Lenovo ThinkVision Q24i-10,Monitor
Lenovo ThinkVision Q27q-10,Monitor
Lenovo ThinkVision S27q-10,Monitor
Lenovo ThinkVision S28u-10,Monitor
Lenovo ThinkVision T2224dA,Monitor
Lenovo V110-17ISK,Laptop
Lenovo V30 AIO,Desktop
Lenovo V310-14ISK,Laptop
Lenovo V310-15ISK,Laptop
Lenovo V320-17,Laptop
Lenovo V330-15/E53-80,Laptop
Lenovo V35 SFF,Desktop
Lenovo V410z,Desktop
Lenovo V50 All-in-One 22,Desktop
Lenovo V50 All-in-One 24,Desktop
Lenovo V50s SFF,Desktop
Lenovo V50t Tower,Desktop
Lenovo V510z AIO,Desktop
Lenovo V520 SFF,Desktop
Lenovo V530 SFF,Desktop
Lenovo V530 Tower,Desktop
Lenovo V530-22 AIO,Desktop
Lenovo V530-24 AIO,Desktop
Lenovo V530S Desktop,Desktop
Lenovo V55 Tower,Desktop
Lenovo V720-14,Laptop
Lenovo Y720-15,Laptop
Lenovo YOGA 520-14/FLEX 5-14,Laptop
Lenovo YOGA 710-11ISK,Laptop
Lenovo YOGA 710-15ISK,Laptop
Lenovo YOGA 720,Laptop
Lenovo YOGA 900-13ISK2,Laptop
Lenovo YOGA 910-13IKB,Laptop
Lenovo YOGA 920. Lenovo YOGA 920 Glass,Laptop
Lenovo Yoga Book C930,Laptop
Lenovo Yoga C640-13 LTE,Laptop
Lenovo Yoga C640-13,Laptop
Lenovo Yoga C740-14,Laptop
Lenovo Yoga C740-15,Laptop
Lenovo Yoga C940-14/C940-14 BE,Laptop
Lenovo Yoga C940-15,Laptop
Lenovo YOGA Chromebook C630,Laptop
Lenovo Yoga Creator 7 15,Laptop
Lenovo Yoga S740-15/IdeaPad S740-15/S740-15 Touch,Laptop
Lenovo Yoga Slim 7-14/IdeaPad Slim 7-14,Laptop
Lexmark B3340dw,Printer
Lexmark B3442dw,Printer
Lexmark C3224dw,Printer
Lexmark C3326dw,Printer
Lexmark C3426dwe,Printer
Lexmark CX924dxe,Printer
Lexmark MB3442adwe,Printer
Lexmark MC3224dwe,Printer
Lexmark MC3326adwe,Printer
Lexmark MC3426adwe,Printer
Lexmark MX331adne,Printer
Microsoft Surface Book 2  13.5-inch display,Laptop
Microsoft Surface Book 2  15-inch display,Laptop
Microsoft Surface Book 3  13.5-inch display,Laptop
Microsoft Surface Book 3  15-inch display,Laptop
Microsoft Surface Duo 2,Tablet
Microsoft Surface Duo,Tablet
Microsoft Surface Go 2,Tablet
Microsoft Surface Go 3,Tablet
Microsoft Surface Go,Tablet
Microsoft Surface Hub 2S 50 50-inch display,Monitor
Microsoft Surface Hub 2S 85in,Monitor
Microsoft Surface Laptop 2,Laptop
Microsoft Surface Laptop 3 13.5-inch display Alcantara® palm rest,Laptop
Microsoft Surface Laptop 3 13.5-inch display metal palm rest,Laptop
Microsoft Surface Laptop 3 15-inch display Alcantara® palm rest,Laptop
Microsoft Surface Laptop 3 15-inch display metal palm rest,Laptop
Microsoft Surface Laptop 4 13.5-inch display Alcantara® palm rest,Laptop
Microsoft Surface Laptop 4 13.5-inch display metal palm rest,Laptop
Microsoft Surface Laptop 4 15-inch display metal palm rest,Laptop
Microsoft Surface Laptop Go 2,Laptop
Microsoft Surface Laptop Go,Laptop
Microsoft Surface Laptop SE,Laptop
Microsoft Surface Laptop Studio,Laptop
Microsoft Surface Laptop,Laptop
Microsoft Surface Pro (5th Gen),Tablet
Microsoft Surface Pro 6,Tablet
Microsoft Surface Pro 7,Tablet
Microsoft Surface Pro 7+,Tablet
Microsoft Surface Pro 8,Tablet
Microsoft Surface Pro X,Tablet
Microsoft Surface Studio 2,Workstation
Microsoft Surface Studio,Workstation
Microsoft Xbox One S,Gaming
Microsoft Xbox One X,Gaming
Microsoft Xbox Series S,Gaming
Microsoft Xbox Series X,Gaming
Samsung Galaxy A12 (SM-A127F),Smartphone
Samsung Galaxy Note20 Ultra (SM-N986B),Smartphone
Samsung Galaxy S20 FE (SM-G781B),Smartphone
Samsung Galaxy Tab Active Pro (SM-T545),Tablet
Samsung Galaxy Tab S7 (SM-T875),Tablet
Samsung Galaxy Tab S7+ (SM-T976B),Tablet
Samsung Galaxy Z Fold3 (SM-F926B),Smartphone
Seagate Exos 10E2400 1.2TB,Hard drive
Seagate Exos 2X14 ST14000NM0001 14TB,Hard drive
Seagate Exos 5E8 ST8000AS0003 8TB,Hard drive
Seagate Exos X12 ST12000NM0007 12TB,Hard drive
Seagate Koho SSD 1.9TB,Hard drive
Seagate Makara HDD 8TB,Hard drive
Seagate Nitro3530 XS1600LE10013 1.6TB,Hard drive
Seagate Nytro 1551 XA1920ME10083 1.92 TB,Hard drive
Seagate Nytro 3331 XS7680SE70004 7.68TB,Hard drive
Seagate OneStor SP2584 Extensible Storage Platform,SAN/NAS
Seagate Pulsar 2 800GB SSD,Hard drive
Seagate THUNDERBUG 300 Go,Hard drive
